screenName,Tweets,Timeframe,Links,profilePictue
@WHO,"Newer antiviral drugs, immunomodulators and anti-SARS COV-2 monoclonal antibodies are now being considered for evaluation for new #COVID19 treatment options.

üëâ   https://t.co/miFNfoD4UX",2020-10-16 10:40:07,https://t.co/g5vWTbi29c,http://pbs.twimg.com/profile_images/875476478988886016/_l61qZdR_normal.jpg
@WHO,"The global platform of the Solidarity Trial is ready to rapidly evaluate promising new #COVID19 treatment options, with nearly 500 hospitals open as trial sites.

üëâ   https://t.co/c1aDavsym2",2020-10-16 10:16:50,https://t.co/g5vWTbi29c,http://pbs.twimg.com/profile_images/875476478988886016/_l61qZdR_normal.jpg
@WHO,"The progress achieved by the Solidarity Therapeutics Trial shows that large international trials are possible, even during #COVID19 pandemic, &amp; offer the promise of quickly &amp; reliably answering critical public health questions concerning therapeutics.

üëâ   https://t.co/ogsJiLn1OO",2020-10-16 09:58:23,https://t.co/A2TiM4QCkL,http://pbs.twimg.com/profile_images/875476478988886016/_l61qZdR_normal.jpg
@MoHFW_INDIA,"#IndiaFightsCorona 

Before you plan to organize or attend any festivities, ensure  to read the SOPs on preventive measures to contain #COVID19 during festivities released by #MoHFW   

#DoGajKiDoorMaskHaiZaruri #Unite2FightCorona https://t.co/YASHlDRFjt",2020-10-16 09:49:52,https://t.co/9wztQO2fdN,http://pbs.twimg.com/profile_images/1007597308664377344/ECLJlkpv_normal.jpg
@WHO,"In just six months, the world‚Äôs largest randomized control trial on #COVID19 therapeutics has generated conclusive evidence on the effectiveness of repurposed drugs for the treatment of COVID-19.

 üëâ   https://t.co/I65Y0aPHPa",2020-10-16 08:41:09,https://t.co/A2TiM4QCkL,http://pbs.twimg.com/profile_images/875476478988886016/_l61qZdR_normal.jpg
@CovidIndiaSeva,"However, Higher Education only for research scholars &amp; Postgraduate students in the Science &amp; Technology stream will be permitted to open from 15 Oct 2020:  

#COVID19 #COVID_19 #COVID__19 #COVID #COVID„Éº19 #COVID19India #coronavirus #CoronavirusIndia
(2/2)",2020-10-16 08:17:40,https://t.co/ii6Miwbus4,http://pbs.twimg.com/profile_images/1252294475688206336/HV36JQD0_normal.jpg
@CovidIndiaSeva,"For #quarantine details for Delhi, kindly contact the State #COVID19 Control Room: 011 22391014/ 22302441/ 22307133/ 22304568/ 22307745/ 22307135/ 22307145/ 22300012/ 22300036

#COVID19 #COVID_19 #COVID__19 #COVID #COVID„Éº19 #COVID19India #Corona #coronavirus #CoronavirusIndia  ",2020-10-16 06:19:35,https://t.co/PoQ0yusf7D,http://pbs.twimg.com/profile_images/1252294475688206336/HV36JQD0_normal.jpg
@CovidIndiaSeva,"You may use eSanjeevaniOPD, a completely free #telemedicine service by @MoHFW_INDIA:   

#COVID19 #COVID_19 #COVID__19 #COVID #COVID„Éº19 #COVID19India #Corona #coronavirus #CoronavirusIndia #CoronavirusPandemic #CoronaVirusUpdates #CovidUpdates #CoronaUpdate https://t.co/qagvYtp1n0",2020-10-16 05:09:59,https://t.co/qBVAtDMsKJ,http://pbs.twimg.com/profile_images/1252294475688206336/HV36JQD0_normal.jpg
@CovidIndiaSeva,"As of today, there are 744 active #COVID19 cases in  #Vellore, #TamilNadu.

#COVID_19 #COVID__19 #COVID #COVID„Éº19 #COVID19India #Corona #coronavirus #CoronavirusIndia #CoronavirusPandemic #CoronaVirusUpdates #CovidUpdates #CoronaUpdate #CoronaUpdatesIndia  ",2020-10-15 18:16:02,https://t.co/E4de9O8xT4,http://pbs.twimg.com/profile_images/1252294475688206336/HV36JQD0_normal.jpg
@CDCgov,"Cleaning hands often, wearing a mask that covers your nose &amp; mouth, &amp; staying 6 ft from others are ways to slow the spread of #COVID19. Men, younger adults, &amp; ppl less concerned about COVID-19 are less likely to clean hands after touching public surfaces.   https://t.co/NcqKRm9m6q",2020-10-15 18:12:07,https://t.co/maoT8nGkUI,http://pbs.twimg.com/profile_images/880104586211581952/KPwn1JyQ_normal.jpg
@CDCgov,"After a recreational ice hockey game in Florida, 14 players were infected with the virus that causes #COVID19. COVID-19 can spread during indoor sporting activities where intense physical activity is occurring. Learn more:  . https://t.co/2fnDDFOX7q",2020-10-15 17:15:04,https://t.co/N69JkXQJ8U,http://pbs.twimg.com/profile_images/880104586211581952/KPwn1JyQ_normal.jpg
@CovidIndiaSeva,"You may refer to the following link for the list of #COVID19 Hospitals in #Rajasthan:  

#COVID_19 #COVID__19 #COVID #COVID„Éº19 #COVID19India #Corona #coronavirus #CoronavirusIndia #CoronavirusPandemic #CoronaVirusUpdates #CovidUpdates #CoronaUpdate https://t.co/t3TWWhKKHk",2020-10-15 17:02:50,https://t.co/JEUyeYZBow,http://pbs.twimg.com/profile_images/1252294475688206336/HV36JQD0_normal.jpg
@CovidIndiaSeva,"...after 15 Oct 2020 in a graded manner. This decision will be in consultation with the respective school/institution management based on the assessment of situation subject to conditions as stated in  

#COVID19 #COVID_19 #COVID__19 #COVID #COVID„Éº19
(2/2)",2020-10-15 16:28:34,https://t.co/ii6Miwbus4,http://pbs.twimg.com/profile_images/1252294475688206336/HV36JQD0_normal.jpg
@CDCgov,"Handwashing is one of the most effective ways to slow the spread of #COVID19 and other illnesses, such as flu. Keep your hands clean. It only takes 20 seconds and 5 easy steps‚Äîwet, lather, scrub, rinse, and dry. More:  .

#HandHygieneForAll #KeepHandsClean https://t.co/kyzSryLabk",2020-10-15 15:53:00,https://t.co/biibAU5Xhg,http://pbs.twimg.com/profile_images/880104586211581952/KPwn1JyQ_normal.jpg
@CovidIndiaSeva,"Acc to @CDCgov &amp; @WHO, there is currently no evidence that #COVID19 can be transmitted by mosquitoes.

#COVID_19 #COVID__19 #COVID #COVID„Éº19 #COVID19India #coronavirus #CoronavirusIndia #CoronavirusPandemic #CoronaVirusUpdates #CovidUpdates #CoronaUpdate #CoronaUpdatesIndia  ",2020-10-15 15:32:45,https://t.co/mSErga9GNn,http://pbs.twimg.com/profile_images/1252294475688206336/HV36JQD0_normal.jpg
@WHO,"Hand hygiene is more important now than ever for children as well as their parents and other caregivers.
¬†
Take a minute, sing along and wash your hands with Doc McStuffins to keep safe and stay healthy during the #COVID19¬†pandemic.  ",2020-10-15 14:15:03,https://t.co/kfCZOaUJv2,http://pbs.twimg.com/profile_images/875476478988886016/_l61qZdR_normal.jpg
@CovidIndiaSeva,"Kindly share your itinerary with the #UttarPradesh State Helpline for assistance:1800-180-5145
You may also contact the UP District Admin:   or @aailkoapt at 0522-2432914/ 2438404Y for clarification.

#COVID19 #COVID_19 #COVID__19 #COVID #COVID„Éº19 https://t.co/6nnUakDFLB",2020-10-15 14:05:00,https://t.co/mQUb4vlgpC,http://pbs.twimg.com/profile_images/1252294475688206336/HV36JQD0_normal.jpg
@CovidIndiaSeva,"Kindly contact your ward war room for assistance. 

#Mumbai #Maharashtra #COVID19 #COVID_19 #COVID__19 #COVID #COVID„Éº19 #COVID19India #Corona #coronavirus #CoronavirusIndia #CoronavirusPandemic #CoronaVirusUpdates #CovidUpdates #CoronaUpdate #CoronaUpdatesIndia   https://t.co/pztk6ZuNsR",2020-10-15 13:27:00,https://t.co/52QB306ode,http://pbs.twimg.com/profile_images/1252294475688206336/HV36JQD0_normal.jpg
@CovidIndiaSeva,"As @drharshvardhan stated in his #SundaySamvaad, GoI plans to administer around 40-50 Cr #COVID19 vaccines to 20-25 Cr Indians by July 2021
The Centre, along with states, is preparing a list of priority population groups, who would receive immunisation shots in the initial phase.  ",2020-10-15 13:05:00,https://t.co/wyfm27EB47,http://pbs.twimg.com/profile_images/1252294475688206336/HV36JQD0_normal.jpg
@MoHFW_INDIA,"#Unite2FightCorona 

@drharshvardhan conveys Prime Minister Sh. @narendramodi 's clarion call of #JanAndolan against #COVID to all the members of @IndianRedCross on their Annual General Meeting as they celebrate its Centenary Year of Foundation.

  https://t.co/bovMcum03J",2020-10-15 12:58:01,https://t.co/1mFKRH3npz,http://pbs.twimg.com/profile_images/1007597308664377344/ECLJlkpv_normal.jpg
@COVIDNewsByMIB,"#IndiaFightsCorona:

Union Minister, @drharshvardhan conveys Prime Minister, @narendramodi's clarion call of building a #JanAndolan against #COVID19 to all the members of @IndianRedCross &amp; chairs annual general meeting of IRCS

Details:  

#Unite2FightCorona",2020-10-15 12:43:01,https://t.co/Bngh6DWWjy,http://pbs.twimg.com/profile_images/1314814978562482177/xWkvVISP_normal.jpg
@COVIDNewsByMIB,"#IndiaFightsCorona:

Prime Minister, @narendramodi chairs review meeting of the research vaccine deployment ecosystem against #COVID19

Meeting was attended by Union Minister @drharshvardhan, Member (Health), @NITIAayog, @PrinSciAdvGoI, senior scientists:  ",2020-10-15 12:28:20,https://t.co/T5SpN5XTad,http://pbs.twimg.com/profile_images/1314814978562482177/xWkvVISP_normal.jpg
@COVIDNewsByMIB,"#IndiaFightsCorona:

‚ÄòAyurveda for #COVID19' to be main theme of 5th Ayurveda Day

Objective of Ayurveda Day is to focus on strengths of Ayurveda &amp; its unique treatment principles, to work towards reducing burden of disease

Details:  

#Unite2FightCorona",2020-10-15 12:23:35,https://t.co/HRaoqBKPQq,http://pbs.twimg.com/profile_images/1314814978562482177/xWkvVISP_normal.jpg
@CovidIndiaSeva,"As per @ICMRDELHI Advisory for #COVID19 Testing all individuals who wish to get themselves tested can be tested on-demand:  
Testing on Demand which for all practical purposes does away with prescription by a registered medical practitioner although...
(1/2) https://t.co/JphxRSwVNx",2020-10-15 11:47:20,https://t.co/awomcZ40to,http://pbs.twimg.com/profile_images/1252294475688206336/HV36JQD0_normal.jpg
@CovidIndiaSeva,".@MoHFW_INDIA has already released SOPs on Preventive Measures to contain the spread of #COVID19 during Festivities &amp; released various awareness material to be followed in this regard:  

#COVID_19 #COVID__19 #COVID #COVID„Éº19 #COVID19India #coronavirus https://t.co/TyD8yUM2RF",2020-10-15 11:28:40,https://t.co/RN4GGDLg18,http://pbs.twimg.com/profile_images/1252294475688206336/HV36JQD0_normal.jpg
@WHO,"On #GlobalHandwashingDayüßº, Doc McStuffins joins WHO to raise awareness on hand washing that helps keep everyone safer as well as healthier during the #COVID19 pandemic.

More details üëâ  https://t.co/jDPl6rA249",2020-10-15 11:27:54,https://t.co/wCNrpdTWTd,http://pbs.twimg.com/profile_images/875476478988886016/_l61qZdR_normal.jpg
@WHO,"Let's wash your hands with Doc McStuffins!

WHO and @DisneyJunior remind children around üåçüåèüåé of the importance of thorough handwashing in preventing the spread of germs and disease, including #COVID19. 

More info üëâ  https://t.co/jDPl6rA249",2020-10-15 10:15:09,https://t.co/wCNrpdTWTd,http://pbs.twimg.com/profile_images/875476478988886016/_l61qZdR_normal.jpg
@WHO,"With support from many donors, WHO has been able to

‚úÖdevelop #COVID19 guidelines &amp; strategies
‚úÖconduct community outreach
‚úÖlaunch physical &amp; #MentalHealth  campaigns

More details üëâ  #WHOImpact https://t.co/s8UPYQk6mh",2020-10-15 07:47:01,https://t.co/xO8TiSQF79,http://pbs.twimg.com/profile_images/875476478988886016/_l61qZdR_normal.jpg
@WHO,"WHO response to #COVID19 reaches all corners of üåçüåéüåè thanks to our donors. Those who provide flexible funds allow us to be agile and deliver what‚Äôs needed most.

More details üëâ  #WHOImpact https://t.co/QsZk6n1X2X",2020-10-15 07:31:13,https://t.co/xO8TiSQF79,http://pbs.twimg.com/profile_images/875476478988886016/_l61qZdR_normal.jpg
@CovidIndiaSeva,"As on today, India's #COVID19 Tests performed per million population is 66,106 (vs 65,282 on Oct 14, 2020)

#COVID_19 #COVID__19 #COVID #COVID„Éº19 #COVID19India #coronavirus #CoronavirusIndia #CoronavirusPandemic #CoronaVirusUpdates #CovidUpdates #CoronaUpdate #CoronaUpdatesIndia  ",2020-10-15 04:50:22,https://t.co/gY5gucLxbX,http://pbs.twimg.com/profile_images/1252294475688206336/HV36JQD0_normal.jpg
@CDCgov,"As of October 14, the 7-day moving average of #COVID19 cases nationwide was 50,181, compared to 43,852 in the previous 7 days. That‚Äôs a 14% increase in new cases. Learn more about COVID-19 trends:   https://t.co/jHTEMTZ5Op",2020-10-14 22:37:58,https://t.co/YT7LKio43C,http://pbs.twimg.com/profile_images/880104586211581952/KPwn1JyQ_normal.jpg
@CDCgov,"U.S. #COVID19 cases continue to increase, with 359,835 new cases reported in the last week. Take steps to prepare for an outbreak in your community. Cover your coughs and sneezes. Wear a mask, wash your hands, stay 6 feet apart. Learn more:   https://t.co/XkpJ5NGhl7",2020-10-14 22:37:57,https://t.co/1nMYQAjpSq,http://pbs.twimg.com/profile_images/880104586211581952/KPwn1JyQ_normal.jpg
@CDCgov,"A recent @CDCMMWR looking at exposures among people w/ and w/o #COVID19 also assessed rates of mask use. However, the interpretation that more mask-wearers are getting infected compared to non-mask wearers is incorrect.  ",2020-10-14 21:00:18,https://t.co/8PtI7W6KG5,http://pbs.twimg.com/profile_images/880104586211581952/KPwn1JyQ_normal.jpg
@WHO,"#COVID19 disrupts tuberculosis care services in many countries around üåéüåèüåç, incl. significant reductions in TB case reporting.

To #EndTB, we need to ensure that essential services for both TB &amp; COVID-19 are maintained for those in need.üëâ  https://t.co/V3ee4cLiy5",2020-10-14 18:50:42,https://t.co/5BvbGjaudU,http://pbs.twimg.com/profile_images/875476478988886016/_l61qZdR_normal.jpg
@CDCgov,"A cross-section of health care, government, &amp; business leaders discusses #COVID19 Road to Recovery during a virtual symposium, Oct. 14-15. Everbridge‚Äôs free event features 50 experts, including CDC‚Äôs Dr. Nancy Messonnier &amp; Dr. Jay Butler. Register at  . https://t.co/HoMAigvG4U",2020-10-14 18:31:02,https://t.co/S4FqliAdil,http://pbs.twimg.com/profile_images/880104586211581952/KPwn1JyQ_normal.jpg
@CovidIndiaSeva,"As on October 14, 2020 (6:00 PM) the #FatalityRate for #COVID19 cases across India is 1.53%

#COVID_19 #COVID__19 #COVID #COVID„Éº19 #COVID19India #Corona #coronavirus #CoronavirusIndia #CoronavirusPandemic #CoronaVirusUpdates #CovidUpdates #CoronaUpdate #CoronaUpdatesIndia  ",2020-10-14 16:27:00,https://t.co/M1fsNbBikd,http://pbs.twimg.com/profile_images/1252294475688206336/HV36JQD0_normal.jpg
@WHO,"The üåèüåçüåè has made steady progress in tackling tuberculosis (TB), with a 1‚É£4‚É£% drop in deaths between 2015 and 2019.

üö® #COVID19 will lead to setbacks if no action is taken urgently, according to üÜï WHO report üëâ  https://t.co/A4edYfyOBH",2020-10-14 16:01:57,https://t.co/5BvbGjaudU,http://pbs.twimg.com/profile_images/875476478988886016/_l61qZdR_normal.jpg
@CovidIndiaSeva,"As of today there 8,26,876 Active #COVID19 Cases across India.

#COVID_19 #COVID__19 #COVID #COVID„Éº19 #COVID19India #Corona #coronavirus #CoronavirusIndia #CoronavirusPandemic #CoronaVirusUpdates #CovidUpdates #CoronaUpdate #CoronaUpdatesIndia  ",2020-10-14 15:55:00,https://t.co/ZpFbrklkky,http://pbs.twimg.com/profile_images/1252294475688206336/HV36JQD0_normal.jpg
@WHO,LIVE: Q&amp;A on #COVID19 with @doctorsoumya and Dr @mvankerkhove. #AskWHO  ,2020-10-14 15:03:34,https://t.co/5S1ILoVxgf,http://pbs.twimg.com/profile_images/875476478988886016/_l61qZdR_normal.jpg
@COVIDNewsByMIB,"#IndiaFightsCorona: 

AYUSH sector set to add momentum to the Jan Andolan against #COVID19; the practitioners and other Ayush professionals will act as catalysts for dissemination of relevant information throughout the country. 

üëâ  https://t.co/4bzCAiiVso",2020-10-14 15:01:45,https://t.co/Wl6L9YLopn,http://pbs.twimg.com/profile_images/1314814978562482177/xWkvVISP_normal.jpg
@COVIDNewsByMIB,"#IndiaFightsCorona: 

Health Minister @drharshvardhan today conveyed Prime Minister Sh. @narendramodi's clarion call of building a #JanAndolan against #COVID to all the Directors of AIIMS and other Medical Institutions under the Union Government. 

üëâ  https://t.co/LEuNJlX8kU",2020-10-14 14:26:17,https://t.co/6RMcvYzE6p,http://pbs.twimg.com/profile_images/1314814978562482177/xWkvVISP_normal.jpg
@MoHFW_INDIA,"#Unite2FightCorona 

@drharshvardhan today conveyed Prime Minister Sh. @narendramodi 's clarion call of building a #JanAndolan against #COVID to all the Directors of AIIMS and other Medical Institutions under the Union Government. 

  https://t.co/rvGEt2HUGE",2020-10-14 14:15:31,https://t.co/iOaVC4jmQz,http://pbs.twimg.com/profile_images/1007597308664377344/ECLJlkpv_normal.jpg
@CovidIndiaSeva,".../health facility on completion of home #isolation.
A fitness certificate is issued by the field team on completion of the isolation period:  

#COVID_19 #COVID__19 #COVID #COVID„Éº19 #COVID19India #coronavirus #CoronavirusIndia #CoronavirusPandemic 
(2/2)",2020-10-14 11:17:30,https://t.co/0di7oaPZkP,http://pbs.twimg.com/profile_images/1252294475688206336/HV36JQD0_normal.jpg
@CovidIndiaSeva,"Acc to @MoHFW_INDIA, #COVID19 case under #HomeIsolation will stand discharged after 10 days of symptom onset and no fever for 3 days &amp; further advised to isolate at home and self-monitor their health for 7 days.
You are advised to contact the surveillance team/field team...
(1/2)  ",2020-10-14 11:17:29,https://t.co/x1vcNSEI7d,http://pbs.twimg.com/profile_images/1252294475688206336/HV36JQD0_normal.jpg
@CovidIndiaSeva,"You may contact helpline number of GB Nager 1800-111-555 or #UttarPradesh State Helpline 1800-180-5145 for assistance.
You may also refer to the following links for viewing #COVID19 lab report/result
 
https://t.co/Y77peyAoVa https://t.co/gfO9TYgagB",2020-10-14 05:00:01,https://t.co/lTHOUiLfXj,http://pbs.twimg.com/profile_images/1252294475688206336/HV36JQD0_normal.jpg
@CDCgov,"Thank you contact tracers! 
Learn more about #COVID19 contact tracing:  . https://t.co/BszR0wkND5",2020-10-13 17:57:02,https://t.co/VhTAoZTOxV,http://pbs.twimg.com/profile_images/880104586211581952/KPwn1JyQ_normal.jpg
@CovidIndiaSeva,"For updated information regarding #quarantine guidelines, kindly contact the following control rooms
‚ñ™Ô∏è #Chandigarh: 0172-2752038, 9779558282
‚ñ™Ô∏è #Mohali (SAS Nager): 7814641397
‚ñ™Ô∏è #Punjab (9am -12pm): 8872090029 

#COVID19 #COVID_19 #COVID__19 #COVID #COVID„Éº19 #COVID19India  ",2020-10-13 16:36:11,https://t.co/vfc4Df7DyU,http://pbs.twimg.com/profile_images/1252294475688206336/HV36JQD0_normal.jpg
@CovidIndiaSeva,"Yes, acc to @MoHFW_INDIA, #COVID19 cases under #HomeIsolation stand discharged after 10 days of symptom onset and no fever for 3 days &amp; further advised to isolate at home &amp; self-monitor their health for 7 days.
There is no need for testing after the home #isolation period is over  ",2020-10-13 16:24:12,https://t.co/dneHeOVQKh,http://pbs.twimg.com/profile_images/1252294475688206336/HV36JQD0_normal.jpg
@WHO,"#COVID19 highlights the intimate links between the health of humans, animals and our planet.

That‚Äôs why it‚Äôs important to adopt the ‚ÄòOne Health‚Äô approach - to prevent or mitigate future disasters.
 
üëâ  https://t.co/hDI4G6rPia",2020-10-13 16:22:01,https://t.co/demcB4apKE,http://pbs.twimg.com/profile_images/875476478988886016/_l61qZdR_normal.jpg
@CDCgov,The latest CDC #COVIDView report shows that racial and ethnic minorities continue to be hospitalized for #COVID19 at rates more than 4 times higher than Whites. Learn more:  . https://t.co/CJAbdA2msB,2020-10-13 16:07:05,https://t.co/zP4VYlo0Pb,http://pbs.twimg.com/profile_images/880104586211581952/KPwn1JyQ_normal.jpg
@CDCgov,"#DomesticViolenceAwarenessMonth is especially important for those experiencing violence during the #COVID19 pandemic. If you or a loved one feel afraid for your safety, resources like the @NDVH can help.
Visit #HowRightNow:  .

(supported by @CDCFound) https://t.co/41AB3Mov1e",2020-10-13 15:10:02,https://t.co/fbWKNoG7tW,http://pbs.twimg.com/profile_images/880104586211581952/KPwn1JyQ_normal.jpg
@CovidIndiaSeva,".@MoHFW_INDIA has released Guidelines for Management of Co-Infection of #COVID19 with other Seasonal Epidemic Prone Diseases:  

#COVID_19 #COVID__19 #COVID #COVID„Éº19 #COVID19India #coronavirus #CoronavirusIndia #CoronavirusPandemic https://t.co/DzvoN4ZK0z",2020-10-13 14:14:33,https://t.co/ymLy1sNzyz,http://pbs.twimg.com/profile_images/1252294475688206336/HV36JQD0_normal.jpg
@CovidIndiaSeva,"As on today, the #COVID19 #FatalityRate is 1.53%

#COVID_19 #COVID__19 #COVID #COVID„Éº19 #COVID19India #Corona #coronavirus #CoronavirusIndia #CoronavirusPandemic #CoronaVirusUpdates #CovidUpdates #CoronaUpdate #CoronaUpdatesIndia  ",2020-10-13 12:01:00,https://t.co/KXcPjYfGN5,http://pbs.twimg.com/profile_images/1252294475688206336/HV36JQD0_normal.jpg
@CovidIndiaSeva,".../field team/health facility on completion of the home #isolation for a fitness certificate:  

#COVID__19 #COVID #COVID„Éº19 #COVID19India #coronavirus #CoronavirusIndia #CoronavirusPandemic #CoronaVirusUpdates #CovidUpdates #CoronaUpdatesIndia
(2/2)",2020-10-13 08:45:28,https://t.co/0di7oaPZkP,http://pbs.twimg.com/profile_images/1252294475688206336/HV36JQD0_normal.jpg
@CovidIndiaSeva,"Acc to @MoHFW_INDIA, #COVID19 case under #HomeIsolation will stand discharged after 10 days of symptom onset and no fever for 3 days &amp; further advised to isolate at home and self-monitor their health for 7 days.
You are advised to contact the surveillance team...
(1/2)  ",2020-10-13 08:45:28,https://t.co/TECupqqwlw,http://pbs.twimg.com/profile_images/1252294475688206336/HV36JQD0_normal.jpg
@CovidIndiaSeva,"Kindly refer to the following link for #COVID19 facilities in #Bangalore, #Karnataka:  

You may also contact the State #COVID_19 Control Room for assistance: 080 46848600/66692000, 9745697456 or Bangalore Urban: 080 22967200 or Rural 080-29781021 https://t.co/LfEiyXkrrU",2020-10-13 06:17:50,https://t.co/GS1DstV46h,http://pbs.twimg.com/profile_images/1252294475688206336/HV36JQD0_normal.jpg
@CovidIndiaSeva,"Kindly refer to the @ICMRDELHI portal for #COVID19 testing lab in #Fatehpur, #UttarPradesh:  
You may refer to the following link for the details of health officials in the Fatehpur district: https://t.co/4iz6u00MHc https://t.co/ADApcOiazF",2020-10-13 05:17:31,https://t.co/j4tAvyZNBK,http://pbs.twimg.com/profile_images/1252294475688206336/HV36JQD0_normal.jpg
@ashishkjha,"Dr. Horwitz did extraordinary work on the front lines of COVID during the worst days in New York.  

She knows how bad COVID can get.

Her town's experience on opening schools is key -- keep community transmission low, universal masking, everyone do your part.

And it can work.  ",2020-10-12 17:57:31,https://t.co/JCmpg43VpH,http://pbs.twimg.com/profile_images/1206973402176606208/BB8EX4ci_normal.jpg
@CovidIndiaSeva,"It is not clear from your query, the current status of your #AarogyaSetu app. Based on the interaction if your status has changed, kindly refer to the following videos:
‚ñ™Ô∏è Yellow:  
‚ñ™Ô∏è Orange: https://t.co/Bh6Fo1dx7T

#COVID19 #COVID_19 #COVID__19 #COVID https://t.co/NqdoOwqrhc",2020-10-12 16:42:28,https://t.co/m0wX2eMBVv,http://pbs.twimg.com/profile_images/1252294475688206336/HV36JQD0_normal.jpg
@CovidIndiaSeva,.@MoHFW_INDIA generally releases #COVID19 creatives in Hindi &amp; English simultaneously to create awareness about precautionary measures to break the cycle of #Novel #Coronavirus transmission. You may refer to the English creative here:   https://t.co/jYuTCQAmL5,2020-10-12 16:00:49,https://t.co/3d7BWdqnkd,http://pbs.twimg.com/profile_images/1252294475688206336/HV36JQD0_normal.jpg
@WHO,"""Many countries have used that time to develop plans, train #healthworkers, put supplies in place, increase testing capacity, reduce testing time and improve care for patients""-@DrTedros #COVID19 

 ",2020-10-12 15:45:09,https://t.co/SLYGiRVik1,http://pbs.twimg.com/profile_images/875476478988886016/_l61qZdR_normal.jpg
@WHO,"""As well as alerting users that they may have been exposed to a positive #COVID19 case, the üá¨üáß app allows users to book a test and receive results, keep track of the places they‚Äôve visited and receive the latest advice on local restrictions""-@DrTedros 

 ",2020-10-12 15:42:41,https://t.co/8UnTNGY7tl,http://pbs.twimg.com/profile_images/875476478988886016/_l61qZdR_normal.jpg
@WHO,"""This is what countries are proving works, every day""-@DrTedros #COVID19 

 ",2020-10-12 15:37:45,https://t.co/kyF9Aewf41,http://pbs.twimg.com/profile_images/875476478988886016/_l61qZdR_normal.jpg
@WHO,"""Allowing a dangerous virus that we don‚Äôt fully understand to run free is simply unethical. It‚Äôs not an option""-@DrTedros #COVID19 

 ",2020-10-12 15:35:21,https://t.co/FSmrMOvUJb,http://pbs.twimg.com/profile_images/875476478988886016/_l61qZdR_normal.jpg
@WHO,"""There have also been some examples of people infected with #COVID19 being infected for a second time""-@DrTedros 

 ",2020-10-12 15:31:24,https://t.co/eWiJtXOKK5,http://pbs.twimg.com/profile_images/875476478988886016/_l61qZdR_normal.jpg
@WHO,"""In other words, herd immunity is achieved by protecting people from a virus, not by exposing them to it""-@DrTedros 
#COVID19 

 ",2020-10-12 15:29:14,https://t.co/thAf05jrT3,http://pbs.twimg.com/profile_images/875476478988886016/_l61qZdR_normal.jpg
@CovidIndiaSeva,"...Science &amp; Tech stream will be permitted to open from 15 Oct 2020. Kindly refer to the link for details:  

#COVID19 #COVID_19 #COVID__19 #COVID #COVID„Éº19 #COVID19India #Corona #coronavirus #CoronavirusIndia #CoronavirusPandemic #CoronaVirusUpdates 
(2/2)",2020-10-12 13:19:03,https://t.co/ii6Miwbus4,http://pbs.twimg.com/profile_images/1252294475688206336/HV36JQD0_normal.jpg
@CovidIndiaSeva,"The Moderate Risk of infection means 
‚ñ™Ô∏è You may have met a #COVID19 +ve case, but that interaction was limited &amp; socially distant, or
‚ñ™Ô∏è You have indicated one of the symptoms related to #COVID_19 during self-assessment
(1/2)  ",2020-10-12 12:05:53,https://t.co/13ikTZky9L,http://pbs.twimg.com/profile_images/1252294475688206336/HV36JQD0_normal.jpg
@CovidIndiaSeva,"@dheeraj_87 ...surveillance team so that medical support may be provided during emergency time. Kindly refer to the following link for knowing the availability of beds in #COVID19 hospitals in Delhi.  
https://t.co/39UzCZxutP",2020-10-12 11:37:45,https://t.co/pZw5YhL8yF,http://pbs.twimg.com/profile_images/1252294475688206336/HV36JQD0_normal.jpg
@CovidIndiaSeva,"Kindly check out to the following link for revised #HomeIsolation guidelines:  

#COVID19 #COVID_19 #COVID__19 #COVID #COVID„Éº19 #COVID19India #Corona #coronavirus #CoronavirusIndia #CoronavirusPandemic #CoronaVirusUpdates #CovidUpdates #CoronaUpdate https://t.co/jjKM98LZZ2",2020-10-12 11:27:00,https://t.co/0di7oaPZkP,http://pbs.twimg.com/profile_images/1252294475688206336/HV36JQD0_normal.jpg
@CovidIndiaSeva,.@MoHFW_INDIA generally releases #COVID19 creatives in Hindi &amp; English simultaneously to create awareness about precautionary measures to break the cycle of #Novel #Coronavirus transmission. You may refer to the English creative here:   https://t.co/rDpcsoQtj0,2020-10-12 05:45:00,https://t.co/3d7BWdHYIN,http://pbs.twimg.com/profile_images/1252294475688206336/HV36JQD0_normal.jpg
@CovidIndiaSeva,"You are advised to contact the following control rooms for assistance
‚ñ™Ô∏è #Prayagraj #COVID19 Control Room 0532-2266098/2266099
‚ñ™Ô∏è Administrative Control Room ‚Äì 0532-2641577/2641578
‚ñ™Ô∏è #UttarPradesh State Helpline 1800-180-5145

#COVID_19 #COVID__19 #COVID #COVID„Éº19 #COVID19India  ",2020-10-12 05:17:51,https://t.co/LN4XDGJOTx,http://pbs.twimg.com/profile_images/1252294475688206336/HV36JQD0_normal.jpg
@CDCgov,"#WearAMask in public to help slow the spread of COVID-19 but be sure to wear it the right way. Position your mask so that it fully covers your nose and mouth. If you‚Äôre not wearing your mask properly, #COVID19 particles can spread. 

Learn more:  . https://t.co/4RLC9rAeX7",2020-10-11 16:52:02,https://t.co/iOQv5OMdKA,http://pbs.twimg.com/profile_images/880104586211581952/KPwn1JyQ_normal.jpg
@CovidIndiaSeva,"Kindly contact #Mumbai #Corona helpline (022 22664232) or #Maharashtra helpline (022 22027990/ 26127394) for assistance.
 

#COVID19 #COVID_19 #COVID__19 #COVID #COVID„Éº19 #COVID19India #coronavirus #CoronavirusIndia #CoronavirusPandemic #CoronaVirusUpdates https://t.co/R2UMmSYJQ7",2020-10-11 06:45:00,https://t.co/c9h5hwMqYb,http://pbs.twimg.com/profile_images/1252294475688206336/HV36JQD0_normal.jpg
@CovidIndiaSeva,"As of today, there is no scientific evidence to prove that people with certain blood group are immune to the #novel #coronavirus. 

#COVID19 #COVID_19 #COVID__19 #COVID #COVID„Éº19 #COVID19India #Corona #CoronavirusIndia #CoronavirusPandemic #CoronaVirusUpdates #CovidUpdates  ",2020-10-11 05:43:05,https://t.co/tGsc3c1kcB,http://pbs.twimg.com/profile_images/1252294475688206336/HV36JQD0_normal.jpg
@ashishkjha,"Letter way more confusing than needs to be

My take?

President 10 days post symptom onset, &gt;24 hours w/out fever 

Meets CDC criteria to end isolation in mild/mod COVID

He's still PCR + with high Ct value

Subgenomic mRNA, an emerging test of active viral replication, negative  ",2020-10-11 02:25:00,https://t.co/Vb2aevFclv,http://pbs.twimg.com/profile_images/1206973402176606208/BB8EX4ci_normal.jpg
@CovidIndiaSeva,"Due to ongoing #COVID19 pandemic, @MoCA_GoI has issued detailed general instructions, guidelines to be followed by passengers, and SOPs for major stakeholders like Airlines, Airport Operators, Ground Handling Agencies, etc to ensure safe air travel:   https://t.co/80z7GYdcvP",2020-10-10 18:00:26,https://t.co/GFZC3AHdzm,http://pbs.twimg.com/profile_images/1252294475688206336/HV36JQD0_normal.jpg
@CovidIndiaSeva,"You may kindly contact one of the following:
‚ñ™Ô∏è #Goa Control Room: 0832 2419550
‚ñ™Ô∏è District Control Room: 0832 2225083 (North) / 2794108 (South)

#COVID19 #COVID_19 #COVID__19 #COVID #COVID„Éº19 #COVID19India #Corona #coronavirus #CoronavirusIndia #CoronavirusPandemic  ",2020-10-10 11:27:00,https://t.co/5W0dEo4kbC,http://pbs.twimg.com/profile_images/1252294475688206336/HV36JQD0_normal.jpg
@CovidIndiaSeva,.@MoHFW_INDIA has already issued detailed SOPs on preventive measures to contain the spread of #COVID19 during festivities. It is important that necessary preventive measures are followed for such events to prevent transmission of the #novel #coronavirus:   https://t.co/0KBjPoMZIo,2020-10-10 11:00:01,https://t.co/yAC1aXMixu,http://pbs.twimg.com/profile_images/1252294475688206336/HV36JQD0_normal.jpg
@CovidIndiaSeva,".@MoHFW_INDIA generally releases #COVID19 creative in Hindi &amp; English simultaneously to create awareness on the selected health issues. You may refer to the English creative here:  

#COVID_19 #COVID__19 #COVID #COVID„Éº19 #COVID19India #Corona #coronavirus https://t.co/HPyP2HRMxh",2020-10-10 10:29:00,https://t.co/qKLWvwefdt,http://pbs.twimg.com/profile_images/1252294475688206336/HV36JQD0_normal.jpg
@CovidIndiaSeva,"An individual can avail psychosocial support from mental health professionals by contacting NIMHANS: 080 4611 0007 (Toll-Free)
 

#COVID19 #COVID_19 #COVID__19 #COVID #COVID„Éº19 #COVID19India #Corona #coronavirus #CoronavirusIndia #CoronavirusPandemic https://t.co/tL826K6fLZ",2020-10-10 09:45:00,https://t.co/hjGHK9jGEt,http://pbs.twimg.com/profile_images/1252294475688206336/HV36JQD0_normal.jpg
@CovidIndiaSeva,"For information with respect to #quarantine rule for travelling to #Bengaluru, #Karnataka you are advised to contact the State #COVID19 Control Room: 080 46848600/ 66692000, 9745697456 or Bangalore Control Room 080 22967200/ 29781021

#COVID_19 #COVID__19 #COVID #COVID„Éº19  ",2020-10-10 09:05:00,https://t.co/I3WxoapSUj,http://pbs.twimg.com/profile_images/1252294475688206336/HV36JQD0_normal.jpg
@CovidIndiaSeva,".@MoHFW_INDIA has released guidelines for #HomeQuarantine that also includes instructions for direct high-risk contacts &amp; environmental sanitation:  

#COVID19 #COVID_19 #COVID__19 #COVID #COVID„Éº19 #COVID19India #Corona #coronavirus #CoronavirusIndia https://t.co/Cy7qhN44LD",2020-10-10 08:50:22,https://t.co/ZbRoOVqtYI,http://pbs.twimg.com/profile_images/1252294475688206336/HV36JQD0_normal.jpg
@CDCgov,"The latest CDC #COVIDView report shows that the overall percentage of people testing positive for #COVID19 decreased nationally last week, but percentages increased slightly in children ages 5 ‚Äì 17 and adults 65 and older:  . https://t.co/WpP0I9HAPE",2020-10-09 21:30:11,https://t.co/zP4VYlo0Pb,http://pbs.twimg.com/profile_images/880104586211581952/KPwn1JyQ_normal.jpg
@CDCgov,"Young adults have several factors influencing their risk of being exposed to #COVID19, including perceived low severity of disease outcome and exposure to conflicting messages about the need for and effectiveness of masks, according to new @CDCMMWR.   https://t.co/8hf2F70bZH",2020-10-09 17:45:07,https://t.co/1mNNDrbLCi,http://pbs.twimg.com/profile_images/880104586211581952/KPwn1JyQ_normal.jpg
@CDCgov,"A @CDCMMWR finds percentage of positive #COVID19 tests in hotspot counties went up first in younger adults, then in older adults who may be at higher risk. The report highlights the need to reduce the spread of #COVID19 among younger adults. More:   . https://t.co/qmsE0DVU9d",2020-10-09 17:09:17,https://t.co/8SeuXphsOk,http://pbs.twimg.com/profile_images/880104586211581952/KPwn1JyQ_normal.jpg
@CDCgov,"As of October 5, national forecasts predict 2,800 to 6,800 new #COVID19 deaths will be reported during the week ending October 31. These forecasts predict 224,000 to 233,000 total COVID-19 deaths in the United States by October 31. More:  . https://t.co/d3nFQA3Ne7",2020-10-09 16:30:08,https://t.co/Ft6cgmaMPX,http://pbs.twimg.com/profile_images/880104586211581952/KPwn1JyQ_normal.jpg
@CovidIndiaSeva,"For details with respect to tourist visit to #Darjeeling, #WestBengal you may kindly contact:
‚ñ™Ô∏è District #COVID19 Control Room 0354-2255749/ 2251555,  9434462424
‚ñ™Ô∏è District HQ 0353 2530307
‚ñ™Ô∏è District Admin 0354 2256201/ 2254434/ 2254777/ 2530307  ",2020-10-09 14:36:27,https://t.co/CidTj7HzWr,http://pbs.twimg.com/profile_images/1252294475688206336/HV36JQD0_normal.jpg
@CovidIndiaSeva,"@manusha17032525 @myogiadityanath @dm_ghaziabad @drharshvardhan @CMOfficeUP You may kindly contact #Ghaziabad, #UttarPradesh #COVID19 Control room for the issue. 0120-2965757/ 2965758/ 2829040, 8826797248, 9910426374
 ",2020-10-09 14:34:18,https://t.co/VeeAGalUzj,http://pbs.twimg.com/profile_images/1252294475688206336/HV36JQD0_normal.jpg
@CovidIndiaSeva,"#COVID19 Cases have reported various signs &amp; symptoms like fever, cough, fatigue, shortness of breath, muscle pain, running nose, sore throat, diarrhoea, loss of smell &amp; taste preceding the onset of respiratory symptoms:  
(1/2) https://t.co/bwVBBZiYtU",2020-10-09 09:37:00,https://t.co/HtiPH2KXcO,http://pbs.twimg.com/profile_images/1252294475688206336/HV36JQD0_normal.jpg
@CovidIndiaSeva,"...&amp; Technology stream will be permitted to open from 15 October 2020:  

#COVID19 #COVID_19 #COVID__19 #COVID #COVID„Éº19 #COVID19India #Corona #coronavirus #CoronavirusIndia #CoronavirusPandemic #CoronaVirusUpdates #CovidUpdates #CoronaUpdatesIndia
(2/2)",2020-10-09 07:54:30,https://t.co/ii6Miwbus4,http://pbs.twimg.com/profile_images/1252294475688206336/HV36JQD0_normal.jpg
@CovidIndiaSeva,"Kindly contact @CSMIA_Official for clarification in this regard: 022 66851010

#COVID19 #COVID_19 #COVID__19 #COVID #COVID„Éº19 #COVID19India #Corona #coronavirus #CoronavirusIndia #CoronavirusPandemic #CoronaVirusUpdates #CovidUpdates #CoronaUpdate #CoronaUpdatesIndia  ",2020-10-09 06:41:00,https://t.co/Rl9wOTiMim,http://pbs.twimg.com/profile_images/1252294475688206336/HV36JQD0_normal.jpg
@CovidIndiaSeva,"You may contact #Prayagraj District #COVID_19 Control Room 0532-2266098/2266099, Administrative Control Room 0532-2641577/2641578, or #UttarPradesh State helpline 1800-180-5145 for assistance.
 

#COVID__19 #COVID #COVID„Éº19 #COVID19India #coronavirus 
(2/2)",2020-10-09 04:38:44,https://t.co/Bi5SbZuDYo,http://pbs.twimg.com/profile_images/1252294475688206336/HV36JQD0_normal.jpg
@CovidIndiaSeva,"All asymptomatic direct and high-risk contacts in family, elderly ‚â• 65 years &amp; those with co-morbidities etc. of a laboratory-confirmed #COVID19 case are to be tested once between day 5 and day 10 of coming into contact:  
(1/2) https://t.co/dSjQHAlOOl",2020-10-09 04:38:43,https://t.co/awomcZ40to,http://pbs.twimg.com/profile_images/1252294475688206336/HV36JQD0_normal.jpg
@CDCgov,"Among people exposed to #COVID19 in their home, children were infected at similar rates as adults but developed less severe illness. Protect your community. Wear a mask. Stay 6 feet from others. Wash your hands. Learn more:  . https://t.co/hy0ECZE0wv",2020-10-08 20:58:05,https://t.co/edPyoB9n8V,http://pbs.twimg.com/profile_images/880104586211581952/KPwn1JyQ_normal.jpg
@CDCgov,A10: You can also find #COVID19 videos to share via YouTube or download here:  . #HealthyLatinos,2020-10-08 18:51:48,https://t.co/QV0OPdgAO6,http://pbs.twimg.com/profile_images/880104586211581952/KPwn1JyQ_normal.jpg
@CDCgov,A10: We invite everyone to share #COVID19 social media messages in English and Spanish. You can find the Spanish-language social media toolkit here:  . #HealthyLatinos,2020-10-08 18:51:18,https://t.co/vJZTJk4I1k,http://pbs.twimg.com/profile_images/880104586211581952/KPwn1JyQ_normal.jpg
@CDCgov,A10: Much of CDC‚Äôs #COVID19 website is available in Spanish as well as other languages.   #HealthyLatinos,2020-10-08 18:50:40,https://t.co/4NwUnrFoNO,http://pbs.twimg.com/profile_images/880104586211581952/KPwn1JyQ_normal.jpg
@CDCgov,A3: This video explains what‚Äôs on the #COVID19 community testing form so community members would better understand what information is collected during testing.   #HealthyLatinos,2020-10-08 18:20:18,https://t.co/tksHkiKO5R,http://pbs.twimg.com/profile_images/880104586211581952/KPwn1JyQ_normal.jpg
@CDCgov,A3: This video shows the gear that #COVID19 testers wear for protection when performing tests so community members understand what to expect.  . #HealthyLatinos,2020-10-08 18:20:18,https://t.co/J7XlfrdEmL,http://pbs.twimg.com/profile_images/880104586211581952/KPwn1JyQ_normal.jpg
@CDCgov,A3: Wisconsin‚Äôs Brown County @DHSWI also developed videos in Spanish to explain different aspects of COVID-19. This video describes the steps of the drive-up &amp; walk-up COVID-19 testing process and to promote testing.    #HealthyLatinos,2020-10-08 18:20:17,https://t.co/7mBynOYP8S,http://pbs.twimg.com/profile_images/880104586211581952/KPwn1JyQ_normal.jpg
@CDCgov,A3: The @CAPublicHealth: Housing for the Harvest Program offers temporary hotel housing to agricultural workers who need to isolate due to #COVID19.  . #HealthyLatinos,2020-10-08 18:20:16,https://t.co/DFlVrb1XVl,http://pbs.twimg.com/profile_images/880104586211581952/KPwn1JyQ_normal.jpg
@CDCgov,A3: The @growershipper Association of Central California developed guidance for #COVID19 prevention for farmworkers and partnered with local hospitals to provide onsite COVID-19 preventive training.  . #HealthyLatinos,2020-10-08 18:20:16,https://t.co/jUuZGQ1VIT,http://pbs.twimg.com/profile_images/880104586211581952/KPwn1JyQ_normal.jpg
@CovidIndiaSeva,"@ZiddiShubham001 @drharshvardhan In Sitapur, Uttar Pradesh COVID -19 testing is available at District Male Hospital, Sitapur
Kindly refer to the link:  ",2020-10-08 16:46:47,https://t.co/aYEjgyLlbK,http://pbs.twimg.com/profile_images/1252294475688206336/HV36JQD0_normal.jpg
@CovidIndiaSeva,"You may apply for quarantine exemption from Municipal Corp. of #GreaterMumbai:  

#COVID19 #COVID_19 #COVID__19 #COVID #COVID„Éº19 #COVID19India #Corona #coronavirus #CoronavirusIndia #CoronavirusPandemic #CoronaVirusUpdates #CovidUpdates #CoronaUpdate
(2/2)",2020-10-08 13:18:12,https://t.co/hyjmKx9tMx,http://pbs.twimg.com/profile_images/1252294475688206336/HV36JQD0_normal.jpg
@ashishkjha,"But there's a twist

President got steroids early in disease course (day 3) which likely affects duration of viral shedding

Steroids likely extend shedding of SARS-CoV2

We saw this with MERS (another coronavirus) and have some evidence with COVID

 

3/n",2020-10-08 13:03:40,https://t.co/qdNlHeWndV,http://pbs.twimg.com/profile_images/1206973402176606208/BB8EX4ci_normal.jpg
@CovidIndiaSeva,"You are advised to follow @MoHFW_INDIA and @drharshvardhan twitter accounts, and MoHFW India Portal:   for timely #COVID19 Updates.

#COVID_19 #COVID__19 #COVID #COVID„Éº19 #COVID19India #Corona #coronavirus #CoronavirusIndia #CoronavirusPandemic https://t.co/6a1s90RS6B",2020-10-08 12:02:20,https://t.co/gPYG0st4uF,http://pbs.twimg.com/profile_images/1252294475688206336/HV36JQD0_normal.jpg
@CovidIndiaSeva,"For details of #AyushmanBharat Pradhan Mantri Jan Arogya Yojana in Maharashtra kindly contact the helpline number 14555/1800111565
 

#COVID19 #COVID_19 #COVID__19 #COVID #COVID„Éº19 #COVID19India #Corona #coronavirus #CoronavirusIndia #CoronavirusPandemic https://t.co/HqgYMCvpWm",2020-10-08 11:02:26,https://t.co/CzvHy43cqy,http://pbs.twimg.com/profile_images/1252294475688206336/HV36JQD0_normal.jpg
@ashishkjha,"Always a delight to be on with great @GayleKing on @CBSThisMorning  

Key points

COVID not the flu. This comparison is not helpful and we need to stop making it

Problem with WH outbreak isn't the rapid test but how it was used. They ignored basic public health  ",2020-10-07 13:59:33,https://t.co/ff0bzXqzjy,http://pbs.twimg.com/profile_images/1206973402176606208/BB8EX4ci_normal.jpg
@narendramodi,"Commendable effort, which places emphasis on building immunity, remaining healthy and making the fight against COVID-19 stronger.  ",2020-10-06 13:57:55,https://t.co/PpUCtqOz6Z,http://pbs.twimg.com/profile_images/1249934092994375680/xX66NSZP_normal.jpg
